<?xml version="1.0" encoding="UTF-8" ?>
<!DOCTYPE configuration
  PUBLIC "-//mybatis.org//DTD Config 3.0//EN"
  "http://mybatis.org/dtd/mybatis-3-config.dtd">
<configuration>
	<properties resource="jdbc.properties"/>
	<settings>
		<setting name="useGeneratedKeys" value="true"/>
		<setting name="mapUnderscoreToCamelCase" value="true"/>
	</settings>
	<typeAliases>
		 <package name="com.finacialsys.model.entity"/>
	</typeAliases>
  <environments default="development">
    <environment id="development">
      <transactionManager type="JDBC"/>
      <dataSource type="POOLED">
        <property name="driver" value="${mysql.driver}"/>
        <property name="url" value="${mysql.url}?characterEncoding=utf-8"/>
        <property name="username" value="${mysql.username}"/>
        <property name="password" value="${mysql.password}"/>
      </dataSource>
    </environment>
  </environments>
  
  <mappers>
    <package name="com.finacialsys.mapper"/>
  </mappers>
</configuration>