<?xml version="1.0" encoding="UTF-8"?>
<!DOCTYPE mapper
  PUBLIC "-//mybatis.org//DTD Mapper 3.0//EN"
  "http://mybatis.org/dtd/mybatis-3-mapper.dtd">
<mapper namespace="com.finacialsys.mapper.LogMapper">

     <insert id="insertLog" parameterType="Log" >
          INSERT INTO tb_log (Log_Name)
          VALUES (#{logName})
     </insert>
     
     <update id="updateLog" parameterType="Log" >
          UPDATE tb_log
          SET
          Log_Name = #{logName}
          WHERE 
          Log_ID = #{logID}
     </update>
     
     <delete id="deleteLog" parameterType="string" >
          DELETE FROM tb_log
          WHERE Log_Name = #{logName}
     </delete>
     
     <select id="findAllLog" resultType="Log">
          SELECT Log_ID , Log_Name 
          FROM tb_log
     </select>
     
     <select id="findLogByID" parameterType="int" resultType="Log">
          SELECT Log_ID , Log_Name 
          FROM tb_log
          where Log_ID = #{logID}
     </select>
     
       <select id="selectLog" parameterType="int" resultType="string">
          SELECT Log_Name 
          FROM tb_log
          WHERE
          Log_ID = #{logID}
     </select>

</mapper>